Laying Up Gold As Dust Part 5 - Pst Sam Oyeyinka,https://www.youtube.com/watch?v=WaGceUdwR8k,https://i.ytimg.com/vi/WaGceUdwR8k/hqdefault.jpg?sqp=-oaymwEcCNACELwBSFXyq4qpAw4IARUAAIhCGAFwAcABBg==&rs=AOn4CLCBxbfS0zlGRZpX7i7cF-s4xOb0qA
Laying Up Gold As Dust Part 4 - Pst Sam Oyeyinka,https://www.youtube.com/watch?v=wKqJZ-CQ5Mg,https://i.ytimg.com/vi/wKqJZ-CQ5Mg/hqdefault.jpg?sqp=-oaymwEcCNACELwBSFXyq4qpAw4IARUAAIhCGAFwAcABBg==&rs=AOn4CLBL161O3n8Y3zbuyDAfh2hDoy-GQA
Laying Up Gold As Dust Part 3 - Pst Sam Oyeyinka,https://www.youtube.com/watch?v=n50rwQvyl_M,https://i.ytimg.com/vi/n50rwQvyl_M/hqdefault.jpg?sqp=-oaymwEcCNACELwBSFXyq4qpAw4IARUAAIhCGAFwAcABBg==&rs=AOn4CLDjpvPagPvKJTwUHScnZslcw3CeCQ
Laying Up Gold As Dust Part 2 - Pst Sam Oyeyinka,https://www.youtube.com/watch?v=FsM1sTLTrDw,https://i.ytimg.com/vi/FsM1sTLTrDw/hqdefault.jpg?sqp=-oaymwEcCNACELwBSFXyq4qpAw4IARUAAIhCGAFwAcABBg==&rs=AOn4CLBGDCv91jgc2qzO4HmPT6N0m_hlvQ
Laying Up Gold As Dust - Pst Sam Oyeyinka,https://www.youtube.com/watch?v=AD5AmCFv6gA,https://i.ytimg.com/vi/AD5AmCFv6gA/hqdefault.jpg?sqp=-oaymwEcCNACELwBSFXyq4qpAw4IARUAAIhCGAFwAcABBg==&rs=AOn4CLAN7D11TRYhAE83EnzR64VL_7mfgQ
The Power of the Tongue - Pst Sam Oyeyinka,https://www.youtube.com/watch?v=VFtem5XtRKg,https://i.ytimg.com/vi/VFtem5XtRKg/hqdefault.jpg?sqp=-oaymwEcCNACELwBSFXyq4qpAw4IARUAAIhCGAFwAcABBg==&rs=AOn4CLCLP6A84ZneoTOPqFHuz3B0rLTkcQ
The Power of the Tongue - Pst Sam Oyeyinka,https://www.youtube.com/watch?v=Kmkqw6CAjfM,https://i.ytimg.com/vi/Kmkqw6CAjfM/hqdefault.jpg?sqp=-oaymwEcCNACELwBSFXyq4qpAw4IARUAAIhCGAFwAcABBg==&rs=AOn4CLA0q4Wmgd4_oIy1zskZNSuGpfbBag
TEC Confessions,https://www.youtube.com/watch?v=uVqIrO2sPfE,https://i.ytimg.com/vi/uVqIrO2sPfE/hqdefault.jpg?sqp=-oaymwEcCNACELwBSFXyq4qpAw4IARUAAIhCGAFwAcABBg==&rs=AOn4CLD3-Y7aFhKGQoqOpm_KpPRSLz9ChA
The Word Became Flesh,https://www.youtube.com/watch?v=5IQzfdjpvPo,https://i.ytimg.com/vi/5IQzfdjpvPo/hqdefault.jpg?sqp=-oaymwEcCNACELwBSFXyq4qpAw4IARUAAIhCGAFwAcABBg==&rs=AOn4CLCftpDjg4N7CIOZ7hJ3S2A5GArwQw
Isaac and Rebecca - Part 3,https://www.youtube.com/watch?v=y04rnGnWkBg,https://i.ytimg.com/vi/y04rnGnWkBg/hqdefault.jpg?sqp=-oaymwEcCNACELwBSFXyq4qpAw4IARUAAIhCGAFwAcABBg==&rs=AOn4CLAQ_wSMEoUDU_h-VDGOcqtEds4Jkw
Isaac and Rebecca - Part 2,https://www.youtube.com/watch?v=vtY0BgIDxfk,https://i.ytimg.com/vi/vtY0BgIDxfk/hqdefault.jpg?sqp=-oaymwEcCNACELwBSFXyq4qpAw4IARUAAIhCGAFwAcABBg==&rs=AOn4CLBmx6__Je08HfuvJe1m_7erxf46qw
Isaac and Rebecca -,https://www.youtube.com/watch?v=cL331ApuvwQ,https://i.ytimg.com/vi/cL331ApuvwQ/hqdefault.jpg?sqp=-oaymwEcCNACELwBSFXyq4qpAw4IARUAAIhCGAFwAcABBg==&rs=AOn4CLDyRMDxcSIrM8RD-gXa5BdsHxQBrw
Facets of Our Salvation Part 10 - Reconciliation,https://www.youtube.com/watch?v=CV_U9yuR1Us,https://i.ytimg.com/vi/CV_U9yuR1Us/hqdefault.jpg?sqp=-oaymwEcCNACELwBSFXyq4qpAw4IARUAAIhCGAFwAcABBg==&rs=AOn4CLC6GSs9S7RdznuMg0BgDc-OylKfjQ
Facets of Our Salvation Part 9 - Redemption and Justification,https://www.youtube.com/watch?v=whBkfuaL2qM,https://i.ytimg.com/vi/whBkfuaL2qM/hqdefault.jpg?sqp=-oaymwEcCNACELwBSFXyq4qpAw4IARUAAIhCGAFwAcABBg==&rs=AOn4CLB5SEaDmgwAedxzAMk41TloQp8SpA
Facets of Our Salvation Part 8 - Redemption and Justification,https://www.youtube.com/watch?v=x5wX-Iq9H8o,https://i.ytimg.com/vi/x5wX-Iq9H8o/hqdefault.jpg?sqp=-oaymwEcCNACELwBSFXyq4qpAw4IARUAAIhCGAFwAcABBg==&rs=AOn4CLDZrGRAbsKFTlo-8EfBCHM8IFywOw
Facets of our salvation part 7 - Atonement of Sins Part 2 - Pst Sam Oyeyinka,https://www.youtube.com/watch?v=icwh1MPsaEo,https://i.ytimg.com/vi/icwh1MPsaEo/hqdefault.jpg?sqp=-oaymwEcCNACELwBSFXyq4qpAw4IARUAAIhCGAFwAcABBg==&rs=AOn4CLCHWGLQkIObbKUii2b68i53SxpL3w
Facets of Our Salvation Part 5 - Redemption, Justification and Atonement,https://www.youtube.com/watch?v=X9G0zGMA5q4,https://i.ytimg.com/vi/X9G0zGMA5q4/hqdefault.jpg?sqp=-oaymwEcCNACELwBSFXyq4qpAw4IARUAAIhCGAFwAcABBg==&rs=AOn4CLDuAZvarLMVffqdKfLj6-Ig1WRzVw
Facets of Our salvation Part 6 - Atonement For Sins,https://www.youtube.com/watch?v=XLSPdBD19Is,https://i.ytimg.com/vi/XLSPdBD19Is/hqdefault.jpg?sqp=-oaymwEcCNACELwBSFXyq4qpAw4IARUAAIhCGAFwAcABBg==&rs=AOn4CLDnpsGiSpFIk0R_wGoqXpas5P7VUQ
Facets of Our salvation 4 - Necessity of the law Part 2,https://www.youtube.com/watch?v=XvIm0g4b3Tk,https://i.ytimg.com/vi/XvIm0g4b3Tk/hqdefault.jpg?sqp=-oaymwEcCNACELwBSFXyq4qpAw4IARUAAIhCGAFwAcABBg==&rs=AOn4CLBpHNP_7Al_ssL6EygAT2ywbXvUOw
Facets Of Our Salvation 3 - Necessity Of The Law,https://www.youtube.com/watch?v=aD8mZ3a6ILQ,https://i.ytimg.com/vi/aD8mZ3a6ILQ/hqdefault.jpg?sqp=-oaymwEcCNACELwBSFXyq4qpAw4IARUAAIhCGAFwAcABBg==&rs=AOn4CLCjkkE1G-h66lV2cdqFelo3qUxRNg
Facets of Our Salvation 2 - Appreciating Sin Part 2,https://www.youtube.com/watch?v=mpShr4GUrIY,https://i.ytimg.com/vi/mpShr4GUrIY/hqdefault.jpg?sqp=-oaymwEcCNACELwBSFXyq4qpAw4IARUAAIhCGAFwAcABBg==&rs=AOn4CLDjf13wX1CA4ficVtmfelAb9C6rXQ
Facets of Our Salvation 1 - Appreciating Sin,https://www.youtube.com/watch?v=AeoHVBkIcjE,https://i.ytimg.com/vi/AeoHVBkIcjE/hqdefault.jpg?sqp=-oaymwEcCNACELwBSFXyq4qpAw4IARUAAIhCGAFwAcABBg==&rs=AOn4CLDJWfPRhWMD6UMclotGIZiekPFPzw
Sanctification Part 3   Past Seye Maj,https://www.youtube.com/watch?v=j_BBGGKtO_g,https://i.ytimg.com/vi/j_BBGGKtO_g/hqdefault.jpg?sqp=-oaymwEcCNACELwBSFXyq4qpAw4IARUAAIhCGAFwAcABBg==&rs=AOn4CLCbIoLUPod9jl98izcKxpKMHGGHhw
Sanctification Part 1 - Past Seye Maj,https://www.youtube.com/watch?v=OSU_ce-4kOM,https://i.ytimg.com/vi/OSU_ce-4kOM/hqdefault.jpg?sqp=-oaymwEcCNACELwBSFXyq4qpAw4IARUAAIhCGAFwAcABBg==&rs=AOn4CLCI3DB_hHw70avcedaUeiLn6E6ZuQ
August Charis Sunday Service,https://www.youtube.com/watch?v=mqK_KuJ0fck,https://i.ytimg.com/vi/mqK_KuJ0fck/hqdefault.jpg?sqp=-oaymwEcCNACELwBSFXyq4qpAw4IARUAAIhCGAFwAcABBg==&rs=AOn4CLBz86CxPVJkEqHoUTP7L05SoOSlAw
On Faithfulness and God's Reward Part 5 -  By Pst Sam Oyeyinka,https://www.youtube.com/watch?v=VF31E0T06fU,https://i.ytimg.com/vi/VF31E0T06fU/hqdefault.jpg?sqp=-oaymwEcCNACELwBSFXyq4qpAw4IARUAAIhCGAFwAcABBg==&rs=AOn4CLDwT-a3SoVcNVMMwWC-bFClWljkWw
On Faithfulness and God's Reward Part 3 -  By Pst Sam Oyeyinka,https://www.youtube.com/watch?v=6mH_pgCrqQ8,https://i.ytimg.com/vi/6mH_pgCrqQ8/hqdefault.jpg?sqp=-oaymwEcCNACELwBSFXyq4qpAw4IARUAAIhCGAFwAcABBg==&rs=AOn4CLBJJD-ZvLnL8LiXIRYaac_4LbJRag
On Faithfulness and God's Reward Part 2 -  By Pst Sam Oyeyinka,https://www.youtube.com/watch?v=IkX0mrObSlA,https://i.ytimg.com/vi/IkX0mrObSlA/hqdefault.jpg?sqp=-oaymwEcCNACELwBSFXyq4qpAw4IARUAAIhCGAFwAcABBg==&rs=AOn4CLD1piR3S8LsWxaOnoaucotyxM4dyQ
On Faithfulness and God's Reward -  By Pst Sam Oyeyinka,https://www.youtube.com/watch?v=7sm07ERk0Co,https://i.ytimg.com/vi/7sm07ERk0Co/hqdefault.jpg?sqp=-oaymwEcCNACELwBSFXyq4qpAw4IARUAAIhCGAFwAcABBg==&rs=AOn4CLBayz1QrAeRkofXDrhE7oMThQXJ_Q
Enjoying God - Minister Ifeanyi Ugbechie,https://www.youtube.com/watch?v=aHC8BoZRj1M,https://i.ytimg.com/vi/aHC8BoZRj1M/hqdefault.jpg?sqp=-oaymwEcCNACELwBSFXyq4qpAw4IARUAAIhCGAFwAcABBg==&rs=AOn4CLD38KFHeUw5i7Ja2U085CTpudQNOQ
LOVE!!! Part 3 - Pastor Ijeoma Oyeyinka,https://www.youtube.com/watch?v=FW7y5bMAwVg,https://i.ytimg.com/vi/FW7y5bMAwVg/hqdefault.jpg?sqp=-oaymwEcCNACELwBSFXyq4qpAw4IARUAAIhCGAFwAcABBg==&rs=AOn4CLDmXtj4ABG7oqQSlRqidK-bGrqs3w
LOVE!!! - by Pastor Ijeoma Oyeyinka,https://www.youtube.com/watch?v=F3sl_PoXy1M,https://i.ytimg.com/vi/F3sl_PoXy1M/hqdefault.jpg?sqp=-oaymwEcCNACELwBSFXyq4qpAw4IARUAAIhCGAFwAcABBg==&rs=AOn4CLDvzVaOKX_F6P31PQqKy-kH6C9pCA
The Work Of Faith Part 9; Patience by Faith - Pst Sam Oyeyinka,https://www.youtube.com/watch?v=znsW7jZqew4,https://i.ytimg.com/vi/znsW7jZqew4/hqdefault.jpg?sqp=-oaymwEcCNACELwBSFXyq4qpAw4IARUAAIhCGAFwAcABBg==&rs=AOn4CLC2KjxL2ooMLvMAozulcxzZ9SWFLw
The Work Of Faith Part 8; Sacrifice By Faith part 2 - Pst Sam Oyeyinka,https://www.youtube.com/watch?v=VT5VJXCTMQw,https://i.ytimg.com/vi/VT5VJXCTMQw/hqdefault.jpg?sqp=-oaymwEcCNACELwBSFXyq4qpAw4IARUAAIhCGAFwAcABBg==&rs=AOn4CLBb9pQYcpX87nKlucB_q3XVF-BFfQ
The Work Of Faith Part 7; Sacrifice By Faith - By Pst Sam Oyeyinka,https://www.youtube.com/watch?v=mbCGwOwtuG8,https://i.ytimg.com/vi/mbCGwOwtuG8/hqdefault.jpg?sqp=-oaymwEcCNACELwBSFXyq4qpAw4IARUAAIhCGAFwAcABBg==&rs=AOn4CLBPwIoDr7wnwUf4URJc5UWDNoyU7w
The Work Of Faith Part 6; Spiritual Warfare by Faith 2,https://www.youtube.com/watch?v=c6kUJOmAIHg,https://i.ytimg.com/vi/c6kUJOmAIHg/hqdefault.jpg?sqp=-oaymwEcCNACELwBSFXyq4qpAw4IARUAAIhCGAFwAcABBg==&rs=AOn4CLDkwJLFlPD97nzt-JkIgQ-WgxAakg
The Work Of Faith Part 5; Spiritual Warfare by Faith - By Pst Sam Oyeyinka,https://www.youtube.com/watch?v=bX-Sx0wTctE,https://i.ytimg.com/vi/bX-Sx0wTctE/hqdefault.jpg?sqp=-oaymwEcCNACELwBSFXyq4qpAw4IARUAAIhCGAFwAcABBg==&rs=AOn4CLDUfhyUdcKygnEct3Va3Sym6-Pkzw
The Work Of Faith Part 4; Finding God's Will by Faith Pt 2 - By Pst Sam Oyeyinka,https://www.youtube.com/watch?v=gWGXUWApI2k,https://i.ytimg.com/vi/gWGXUWApI2k/hqdefault.jpg?sqp=-oaymwEcCNACELwBSFXyq4qpAw4IARUAAIhCGAFwAcABBg==&rs=AOn4CLDvLxTRhAQtPVwdH7_wY3IqgJOl-A
The Work Of Faith Part 2; The Evidence for Faith - By Pst Sam Oyeyinka,https://www.youtube.com/watch?v=Tfo0L0b0isU,https://i.ytimg.com/vi/Tfo0L0b0isU/hqdefault.jpg?sqp=-oaymwEcCNACELwBSFXyq4qpAw4IARUAAIhCGAFwAcABBg==&rs=AOn4CLCppzJIXizrSurAIvlSsFQfjVBd9A
The Work Of FAITH - Dr Sam Oyeyinka,https://www.youtube.com/watch?v=CMcklLg-88k,https://i.ytimg.com/vi/CMcklLg-88k/hqdefault.jpg?sqp=-oaymwEcCNACELwBSFXyq4qpAw4IARUAAIhCGAFwAcABBg==&rs=AOn4CLDwfGj-8fcvrqUS6e6jecs8RdJszw
Deliverance From Our Enemies - Dr Sam Oyeyinka,https://www.youtube.com/watch?v=HB-3BGys_VM,https://i.ytimg.com/vi/HB-3BGys_VM/hqdefault.jpg?sqp=-oaymwEcCNACELwBSFXyq4qpAw4IARUAAIhCGAFwAcABBg==&rs=AOn4CLADfA9eNiIRyNy0o6jEu1pIHzHQFQ
Valuing Spiritual Exercises - Pastor Ijeoma Oyeyinka,https://www.youtube.com/watch?v=d3dEDb2Qpp4,https://i.ytimg.com/vi/d3dEDb2Qpp4/hqdefault.jpg?sqp=-oaymwE2CNACELwBSFXyq4qpAygIARUAAIhCGAFwAcABBvABAfgB_gmAAtAFigIMCAAQARhIIFYoZTAP&rs=AOn4CLByiMvKeD-lKxKPxDVYlCdq2nSnnQ
HOW MIRACLES HAPPEN VIDEO,https://www.youtube.com/watch?v=FhBcxulYdgo,https://i.ytimg.com/vi/FhBcxulYdgo/hqdefault.jpg?sqp=-oaymwE2CNACELwBSFXyq4qpAygIARUAAIhCGAFwAcABBvABAfgB_gmAAtAFigIMCAAQARhMIFgoZTAP&rs=AOn4CLAwGI56cTOxj7VzrgBsqNIKgINTcw
When Bad Things Happen - Dr Sam Oyeyinka,https://www.youtube.com/watch?v=ikPZUGjusiA,https://i.ytimg.com/vi/ikPZUGjusiA/hqdefault.jpg?sqp=-oaymwE2CNACELwBSFXyq4qpAygIARUAAIhCGAFwAcABBvABAfgB_gmAAtAFigIMCAAQARhDIFMoZTAP&rs=AOn4CLBTdnbklHDiM2sFIhcaDye45TWaFw
SIMON THE SORCERER - DR SAM OYEYINKA,https://www.youtube.com/watch?v=Y-qi3vtoIOg,https://i.ytimg.com/vi/Y-qi3vtoIOg/hqdefault.jpg?sqp=-oaymwE2CNACELwBSFXyq4qpAygIARUAAIhCGAFwAcABBvABAfgB_gmAAtAFigIMCAAQARhFIFQoZTAP&rs=AOn4CLB1fbzKCwxzyVPFJsNllQcxLRuY4w
By His Stripes - Pastor Sam Oyeyinka,https://www.youtube.com/watch?v=BlR3y7DeXUU,https://i.ytimg.com/vi/BlR3y7DeXUU/hqdefault.jpg?sqp=-oaymwE2CNACELwBSFXyq4qpAygIARUAAIhCGAFwAcABBvABAfgB_gmAAtAFigIMCAAQARhBIF4ocjAP&rs=AOn4CLCrAHKRQISEz5p9aXdhqY5Cu9qLOw
What Should Be Your Ambition,https://www.youtube.com/watch?v=xiRuJxsDKgQ,https://i.ytimg.com/vi/xiRuJxsDKgQ/hqdefault.jpg?sqp=-oaymwEcCNACELwBSFXyq4qpAw4IARUAAIhCGAFwAcABBg==&rs=AOn4CLCxlLqefNV69WEcVwuTq7h3a8VCOA
Principles of the kingdom (PART 5),https://www.youtube.com/watch?v=Nv2SDmvn_8Y,https://i.ytimg.com/vi/Nv2SDmvn_8Y/hqdefault.jpg?sqp=-oaymwEcCNACELwBSFXyq4qpAw4IARUAAIhCGAFwAcABBg==&rs=AOn4CLBtrYCFJ4r-gNmk97pJJfPMSwj2pQ
Marry Your Friend 2 by Sam Oyeyinka,https://www.youtube.com/watch?v=6ce03WQBwFc,https://i.ytimg.com/vi/6ce03WQBwFc/hqdefault.jpg?sqp=-oaymwEcCNACELwBSFXyq4qpAw4IARUAAIhCGAFwAcABBg==&rs=AOn4CLB1CLbOw0J6zFGQMT0REa4MVxQbqQ
Finding Purpose 1; Definitions by Sam Oyeyinka,https://www.youtube.com/watch?v=IphvI78Q8E0,https://i.ytimg.com/vi/IphvI78Q8E0/hqdefault.jpg?sqp=-oaymwEcCNACELwBSFXyq4qpAw4IARUAAIhCGAFwAcABBg==&rs=AOn4CLCE4KPAptgoKfRXkH314vGas4pKmA
GOD'S PURPOSE AND TEC PART 5. by Sam Oyeyinka,https://www.youtube.com/watch?v=Kegy06tpKms,https://i.ytimg.com/vi/Kegy06tpKms/hqdefault.jpg?sqp=-oaymwEcCNACELwBSFXyq4qpAw4IARUAAIhCGAFwAcABBg==&rs=AOn4CLCqPRlO9LBUYFZGXI1NGmgfAUefqg
GOD'S PURPOSE AND TEC 4  FAITH AND SCHORLARSHIP by Sam Oyeyinka,https://www.youtube.com/watch?v=imdpZsDLlcQ,https://i.ytimg.com/vi/imdpZsDLlcQ/hqdefault.jpg?sqp=-oaymwEcCNACELwBSFXyq4qpAw4IARUAAIhCGAFwAcABBg==&rs=AOn4CLBGATec6QzCH0nCt5Oh4CNfJedKEg
TEC AND GOD'S PURPOSE PART 2 by Sam Oyeyinka,https://www.youtube.com/watch?v=DwKrFp1LNDs,https://i.ytimg.com/vi/DwKrFp1LNDs/hqdefault.jpg?sqp=-oaymwEcCNACELwBSFXyq4qpAw4IARUAAIhCGAFwAcABBg==&rs=AOn4CLBoka2-TX3Ci2oiZGeaQ-e4OhmT3g
GOD's Purpose and TEC by Sam Oyeyinka,https://www.youtube.com/watch?v=ONY-zMzQN0A,https://i.ytimg.com/vi/ONY-zMzQN0A/hqdefault.jpg?sqp=-oaymwEcCNACELwBSFXyq4qpAw4IARUAAIhCGAFwAcABBg==&rs=AOn4CLCO7HHjkq3-OB6eu2u3LhwDp1skvw
How Saints Make Money by Sam Oyeyinka,https://www.youtube.com/watch?v=2Nngnyaw-fU,https://i.ytimg.com/vi/2Nngnyaw-fU/hqdefault.jpg?sqp=-oaymwEcCNACELwBSFXyq4qpAw4IARUAAIhCGAFwAcABBg==&rs=AOn4CLARk4aK6_AmiVJeAF6MFb7rj34BFw
Contentment Is Not Complacency [Sam Oyeyinka],https://www.youtube.com/watch?v=VjUyTpMFvLY,https://i.ytimg.com/vi/VjUyTpMFvLY/hqdefault.jpg?sqp=-oaymwEcCNACELwBSFXyq4qpAw4IARUAAIhCGAFwAcABBg==&rs=AOn4CLDZor8-zxMG1ksmmjUJdkG9R6mokg
Is Faith Delusional?,https://www.youtube.com/watch?v=7xqoNVZy53Q,https://i.ytimg.com/vi/7xqoNVZy53Q/hqdefault.jpg?sqp=-oaymwEcCNACELwBSFXyq4qpAw4IARUAAIhCGAFwAcABBg==&rs=AOn4CLC7ejGWcl0k9YUcQH42JVpWyGaxdg
What Kind of God Asks Abraham to Kill his son?,https://www.youtube.com/watch?v=KTitVD-aKGY,https://i.ytimg.com/vi/KTitVD-aKGY/hqdefault.jpg?sqp=-oaymwEcCNACELwBSFXyq4qpAw4IARUAAIhCGAFwAcABBg==&rs=AOn4CLAspp-fH-FHUnKWQN-idzy8gfRaVA
Can We Stop Blaming God now?,https://www.youtube.com/watch?v=hxDoufbJ9m8,https://i.ytimg.com/vi/hxDoufbJ9m8/hqdefault.jpg?sqp=-oaymwEcCNACELwBSFXyq4qpAw4IARUAAIhCGAFwAcABBg==&rs=AOn4CLChTZbRRYxHV-2wPEaEWTJJUJynKw
God, Cancer, Car Accidents and Tsunamis by Sam Oyeyinka,https://www.youtube.com/watch?v=osNOik2COY0,https://i.ytimg.com/vi/osNOik2COY0/hqdefault.jpg?sqp=-oaymwEcCNACELwBSFXyq4qpAw4IARUAAIhCGAFwAcABBg==&rs=AOn4CLDOm5kuuYBr2BqYIMEb9_fy40odQA
God, My Life Is Painful. Where are you?,https://www.youtube.com/watch?v=SpTwrMcKrOE,https://i.ytimg.com/vi/SpTwrMcKrOE/hqdefault.jpg?sqp=-oaymwEcCNACELwBSFXyq4qpAw4IARUAAIhCGAFwAcABBg==&rs=AOn4CLDd2vNVISu646BCzkLmkd2aLb4Fsw
Leadership and Christian Patriarchy by Sam Oyeyinka,https://www.youtube.com/watch?v=n0mIQKBVpg4,https://i.ytimg.com/vi/n0mIQKBVpg4/hqdefault.jpg?sqp=-oaymwEcCNACELwBSFXyq4qpAw4IARUAAIhCGAFwAcABBg==&rs=AOn4CLBkVaSHLaVdzhy6SXprTQVexLCpAg
The cure to being materialistic,https://www.youtube.com/watch?v=OYScRfZKr3U,https://i.ytimg.com/vi/OYScRfZKr3U/hqdefault.jpg?sqp=-oaymwEcCNACELwBSFXyq4qpAw4IARUAAIhCGAFwAcABBg==&rs=AOn4CLB9ZJMz_nKZtCkKwFAHGFpN4s7UAg
Being materialistic is counter productive.,https://www.youtube.com/watch?v=XeUQegf5nuo,https://i.ytimg.com/vi/XeUQegf5nuo/hqdefault.jpg?sqp=-oaymwEcCNACELwBSFXyq4qpAw4IARUAAIhCGAFwAcABBg==&rs=AOn4CLDPzuViX-sbMmtO5SkKrjr1C36oDQ
The basis of human rights and value,https://www.youtube.com/watch?v=P-QwzLV6Tag,https://i.ytimg.com/vi/P-QwzLV6Tag/hqdefault.jpg?sqp=-oaymwEcCNACELwBSFXyq4qpAw4IARUAAIhCGAFwAcABBg==&rs=AOn4CLBXexYcykmdQ2wXMz8nLczAmY9J-Q